{
  "FilterHeaders": [
    {
      "Header": "user-agent",
      "IncludeInScript": false
    },
    {
      "Header": "upgrade-insecure-requests",
      "IncludeInScript": true
    },
    {
      "Header": "origin",
      "IncludeInScript": true
    },
    {
      "Header": "if-modified-since",
      "IncludeInScript": false
    },
    {
      "Header": "accept-language",
      "IncludeInScript": false
    },
    {
      "Header": "accept-encoding",
      "IncludeInScript": false
    },
    {
      "Header": "accept",
      "IncludeInScript": false
    }
  ],
  "FilterResources": [
    {
      "IsNonResource": true,
      "type": "text/html"
    },
    {
      "IsNonResource": false,
      "type": "image/png"
    },
    {
      "IsNonResource": false,
      "type": "image/gif"
    }
  ],
  "GeneralInfo": {
    "BrowserVersion": "",
    "IsWinInetMode": false,
    "MaxUsedConnections": 8,
    "RecordedBrowser": "d:\\Р В Р’В Р вЂ™Р’В Р В РІР‚в„ўР вЂ™Р’В Р В Р’В Р Р†Р вЂљРІвЂћСћР В РІР‚в„ўР вЂ™Р’В Р В Р’В Р вЂ™Р’В Р В Р вЂ Р В РІР‚С™Р Р†РІР‚С›РЎС›Р В Р’В Р Р†Р вЂљРІвЂћСћР В РІР‚в„ўР вЂ™Р’В Р В Р’В Р вЂ™Р’В Р В РІР‚в„ўР вЂ™Р’В Р В Р’В Р Р†Р вЂљРІвЂћСћР В РІР‚в„ўР вЂ™Р’В Р В Р’В Р вЂ™Р’В Р В РІР‚в„ўР вЂ™Р’В Р В Р’В Р В РІР‚В Р В Р’В Р Р†Р вЂљРЎв„ўР В Р вЂ Р Р†Р вЂљРЎвЂєР Р†Р вЂљРІР‚СљР В Р’В Р вЂ™Р’В Р В РІР‚в„ўР вЂ™Р’В Р В Р’В Р Р†Р вЂљРІвЂћСћР В РІР‚в„ўР вЂ™Р’В Р В Р’В Р вЂ™Р’В Р В Р вЂ Р В РІР‚С™Р Р†РІР‚С›РЎС›Р В Р’В Р Р†Р вЂљРІвЂћСћР В РІР‚в„ўР вЂ™Р’В Р В Р’В Р вЂ™Р’В Р В РІР‚в„ўР вЂ™Р’В Р В Р’В Р вЂ™Р’В Р В Р’В Р Р†Р вЂљРІвЂћвЂ“Р В Р’В Р вЂ™Р’В Р В Р’В Р Р†Р вЂљР’В Р В Р’В Р вЂ™Р’В Р В Р вЂ Р В РІР‚С™Р РЋРІвЂћСћР В Р’В Р В Р вЂ№Р В Р Р‹Р Р†РІР‚С›РЎС›Р В Р’В Р вЂ™Р’В Р В РІР‚в„ўР вЂ™Р’В Р В Р’В Р Р†Р вЂљРІвЂћСћР В РІР‚в„ўР вЂ™Р’В Р В Р’В Р вЂ™Р’В Р В Р вЂ Р В РІР‚С™Р Р†РІР‚С›РЎС›Р В Р’В Р Р†Р вЂљРІвЂћСћР В РІР‚в„ўР вЂ™Р’В Р В Р’В Р вЂ™Р’В Р В РІР‚в„ўР вЂ™Р’В Р В Р’В Р Р†Р вЂљРІвЂћСћР В РІР‚в„ўР вЂ™Р’В Р В Р’В Р вЂ™Р’В Р В РІР‚в„ўР вЂ™Р’В Р В Р’В Р В РІР‚В Р В Р’В Р Р†Р вЂљРЎв„ўР В Р вЂ Р Р†Р вЂљРЎвЂєР Р†Р вЂљРІР‚СљР В Р’В Р вЂ™Р’В Р В РІР‚в„ўР вЂ™Р’В Р В Р’В Р Р†Р вЂљРІвЂћСћР В РІР‚в„ўР вЂ™Р’В Р В Р’В Р вЂ™Р’В Р В РІР‚в„ўР вЂ™Р’В Р В Р’В Р В РІР‚В Р В Р’В Р Р†Р вЂљРЎв„ўР В РІР‚в„ўР вЂ™Р’В Р В Р’В Р вЂ™Р’В Р В РІР‚в„ўР вЂ™Р’В Р В Р’В Р Р†Р вЂљРІвЂћСћР В РІР‚в„ўР вЂ™Р’В Р В Р’В Р вЂ™Р’В Р В Р’В Р Р†Р вЂљР’В Р В Р’В Р вЂ™Р’В Р В Р вЂ Р В РІР‚С™Р РЋРІвЂћСћР В Р’В Р В Р вЂ№Р В Р вЂ Р Р†Р вЂљРЎвЂєР РЋРЎвЂєР В Р’В Р вЂ™Р’В Р В РІР‚в„ўР вЂ™Р’В Р В Р’В Р вЂ™Р’В Р В Р’В Р Р†Р вЂљРІвЂћвЂ“Р В Р’В Р вЂ™Р’В Р В Р’В Р Р†Р вЂљР’В Р В Р’В Р В РІР‚В Р В Р’В Р Р†Р вЂљРЎв„ўР В Р Р‹Р Р†Р вЂљРЎвЂќР В Р’В Р В Р вЂ№Р В Р Р‹Р Р†Р вЂљРЎвЂќР В Р’В Р вЂ™Р’В Р В РІР‚в„ўР вЂ™Р’В Р В Р’В Р Р†Р вЂљРІвЂћСћР В РІР‚в„ўР вЂ™Р’В Р В Р’В Р вЂ™Р’В Р В Р вЂ Р В РІР‚С™Р Р†РІР‚С›РЎС›Р В Р’В Р Р†Р вЂљРІвЂћСћР В РІР‚в„ўР вЂ™Р’В Р В Р’В Р вЂ™Р’В Р В РІР‚в„ўР вЂ™Р’В Р В Р’В Р В РІР‚В Р В Р’В Р Р†Р вЂљРЎв„ўР В Р вЂ Р Р†Р вЂљРЎвЂєР РЋРЎвЂєР В Р’В Р вЂ™Р’В Р В Р вЂ Р В РІР‚С™Р Р†РІР‚С›РЎС›Р В Р’В Р Р†Р вЂљРІвЂћСћР В РІР‚в„ўР вЂ™Р’В Р В Р’В Р вЂ™Р’В Р В РІР‚в„ўР вЂ™Р’В Р В Р’В Р Р†Р вЂљРІвЂћСћР В РІР‚в„ўР вЂ™Р’В Р В Р’В Р вЂ™Р’В Р В Р’В Р Р†Р вЂљР’В Р В Р’В Р вЂ™Р’В Р В Р вЂ Р В РІР‚С™Р РЋРІвЂћСћР В Р’В Р В РІР‚В Р В Р вЂ Р В РІР‚С™Р РЋРІР‚С”Р В Р Р‹Р РЋРІР‚С”Р В Р’В Р вЂ™Р’В Р В РІР‚в„ўР вЂ™Р’В Р В Р’В Р В РІР‚В Р В Р’В Р Р†Р вЂљРЎв„ўР В Р вЂ Р Р†Р вЂљРЎвЂєР РЋРЎвЂєР В Р’В Р вЂ™Р’В Р В Р вЂ Р В РІР‚С™Р Р†РІР‚С›РЎС›Р В Р’В Р Р†Р вЂљРІвЂћСћР В РІР‚в„ўР вЂ™Р’В°Р В Р’В Р вЂ™Р’В Р В РІР‚в„ўР вЂ™Р’В Р В Р’В Р Р†Р вЂљРІвЂћСћР В РІР‚в„ўР вЂ™Р’В Р В Р’В Р вЂ™Р’В Р В Р вЂ Р В РІР‚С™Р Р†РІР‚С›РЎС›Р В Р’В Р Р†Р вЂљРІвЂћСћР В РІР‚в„ўР вЂ™Р’В Р В Р’В Р вЂ™Р’В Р В РІР‚в„ўР вЂ™Р’В Р В Р’В Р В РІР‚В Р В Р’В Р Р†Р вЂљРЎв„ўР В Р вЂ Р Р†Р вЂљРЎвЂєР РЋРЎвЂєР В Р’В Р вЂ™Р’В Р В Р вЂ Р В РІР‚С™Р Р†РІР‚С›РЎС›Р В Р’В Р Р†Р вЂљРІвЂћСћР В РІР‚в„ўР вЂ™Р’В Р В Р’В Р вЂ™Р’В Р В РІР‚в„ўР вЂ™Р’В Р В Р’В Р Р†Р вЂљРІвЂћСћР В РІР‚в„ўР вЂ™Р’В Р В Р’В Р вЂ™Р’В Р В Р’В Р Р†Р вЂљР’В Р В Р’В Р вЂ™Р’В Р В Р вЂ Р В РІР‚С™Р РЋРІвЂћСћР В Р’В Р В РІР‚В Р В Р вЂ Р В РІР‚С™Р РЋРІР‚С”Р В Р Р‹Р РЋРІР‚С”Р В Р’В Р вЂ™Р’В Р В РІР‚в„ўР вЂ™Р’В Р В Р’В Р В РІР‚В Р В Р’В Р Р†Р вЂљРЎв„ўР В Р вЂ Р Р†Р вЂљРЎвЂєР РЋРЎвЂєР В Р’В Р вЂ™Р’В Р В Р вЂ Р В РІР‚С™Р Р†РІР‚С›РЎС›Р В Р’В Р Р†Р вЂљРІвЂћСћР В РІР‚в„ўР вЂ™Р’В¶Р В Р’В Р вЂ™Р’В Р В РІР‚в„ўР вЂ™Р’В Р В Р’В Р Р†Р вЂљРІвЂћСћР В РІР‚в„ўР вЂ™Р’В Р В Р’В Р вЂ™Р’В Р В Р вЂ Р В РІР‚С™Р Р†РІР‚С›РЎС›Р В Р’В Р Р†Р вЂљРІвЂћСћР В РІР‚в„ўР вЂ™Р’В Р В Р’В Р вЂ™Р’В Р В РІР‚в„ўР вЂ™Р’В Р В Р’В Р В РІР‚В Р В Р’В Р Р†Р вЂљРЎв„ўР В Р вЂ Р Р†Р вЂљРЎвЂєР РЋРЎвЂєР В Р’В Р вЂ™Р’В Р В Р вЂ Р В РІР‚С™Р Р†РІР‚С›РЎС›Р В Р’В Р Р†Р вЂљРІвЂћСћР В РІР‚в„ўР вЂ™Р’В Р В Р’В Р вЂ™Р’В Р В РІР‚в„ўР вЂ™Р’В Р В Р’В Р Р†Р вЂљРІвЂћСћР В РІР‚в„ўР вЂ™Р’В Р В Р’В Р вЂ™Р’В Р В РІР‚в„ўР вЂ™Р’В Р В Р’В Р вЂ™Р’В Р В Р вЂ Р В РІР‚С™Р Р†РІР‚С›РІР‚вЂњР В Р’В Р вЂ™Р’В Р В РІР‚в„ўР вЂ™Р’В Р В Р’В Р вЂ™Р’В Р В Р вЂ Р В РІР‚С™Р вЂ™Р’В Р В Р’В Р вЂ™Р’В Р В РІР‚в„ўР вЂ™Р’В Р В Р’В Р В РІР‚В Р В Р’В Р Р†Р вЂљРЎв„ўР В Р Р‹Р Р†РІР‚С›РЎС›Р В Р’В Р вЂ™Р’В Р В Р вЂ Р В РІР‚С™Р Р†РІР‚С›РЎС›Р В Р’В Р Р†Р вЂљРІвЂћСћР В РІР‚в„ўР вЂ™Р’ВР В Р’В Р вЂ™Р’В Р В РІР‚в„ўР вЂ™Р’В Р В Р’В Р Р†Р вЂљРІвЂћСћР В РІР‚в„ўР вЂ™Р’В Р В Р’В Р вЂ™Р’В Р В Р вЂ Р В РІР‚С™Р Р†РІР‚С›РЎС›Р В Р’В Р Р†Р вЂљРІвЂћСћР В РІР‚в„ўР вЂ™Р’В Р В Р’В Р вЂ™Р’В Р В РІР‚в„ўР вЂ™Р’В Р В Р’В Р Р†Р вЂљРІвЂћСћР В РІР‚в„ўР вЂ™Р’В Р В Р’В Р вЂ™Р’В Р В РІР‚в„ўР вЂ™Р’В Р В Р’В Р В РІР‚В Р В Р’В Р Р†Р вЂљРЎв„ўР В Р вЂ Р Р†Р вЂљРЎвЂєР Р†Р вЂљРІР‚СљР В Р’В Р вЂ™Р’В Р В РІР‚в„ўР вЂ™Р’В Р В Р’В Р Р†Р вЂљРІвЂћСћР В РІР‚в„ўР вЂ™Р’В Р В Р’В Р вЂ™Р’В Р В Р вЂ Р В РІР‚С™Р Р†РІР‚С›РЎС›Р В Р’В Р Р†Р вЂљРІвЂћСћР В РІР‚в„ўР вЂ™Р’В Р В Р’В Р вЂ™Р’В Р В РІР‚в„ўР вЂ™Р’В Р В Р’В Р вЂ™Р’В Р В Р вЂ Р В РІР‚С™Р вЂ™Р’В Р В Р’В Р вЂ™Р’В Р В РІР‚в„ўР вЂ™Р’В Р В Р’В Р В РІР‚В Р В Р’В Р Р†Р вЂљРЎв„ўР В Р Р‹Р Р†РІР‚С›РЎС›Р В Р’В Р вЂ™Р’В Р В Р’В Р В РІР‚в„–Р В Р’В Р В РІР‚В Р В Р вЂ Р В РІР‚С™Р РЋРІР‚С”Р В Р Р‹Р РЋРІР‚С”Р В Р’В Р вЂ™Р’В Р В РІР‚в„ўР вЂ™Р’В Р В Р’В Р Р†Р вЂљРІвЂћСћР В РІР‚в„ўР вЂ™Р’В Р В Р’В Р вЂ™Р’В Р В Р вЂ Р В РІР‚С™Р Р†РІР‚С›РЎС›Р В Р’В Р Р†Р вЂљРІвЂћСћР В РІР‚в„ўР вЂ™Р’В Р В Р’В Р вЂ™Р’В Р В РІР‚в„ўР вЂ™Р’В Р В Р’В Р В РІР‚В Р В Р’В Р Р†Р вЂљРЎв„ўР В Р вЂ Р Р†Р вЂљРЎвЂєР РЋРЎвЂєР В Р’В Р вЂ™Р’В Р В Р вЂ Р В РІР‚С™Р Р†РІР‚С›РЎС›Р В Р’В Р Р†Р вЂљРІвЂћСћР В РІР‚в„ўР вЂ™Р’В Р В Р’В Р вЂ™Р’В Р В РІР‚в„ўР вЂ™Р’В Р В Р’В Р Р†Р вЂљРІвЂћСћР В РІР‚в„ўР вЂ™Р’В Р В Р’В Р вЂ™Р’В Р В РІР‚в„ўР вЂ™Р’В Р В Р’В Р вЂ™Р’В Р В Р вЂ Р В РІР‚С™Р Р†РІР‚С›РІР‚вЂњР В Р’В Р вЂ™Р’В Р В РІР‚в„ўР вЂ™Р’В Р В Р’В Р вЂ™Р’В Р В Р вЂ Р В РІР‚С™Р вЂ™Р’В Р В Р’В Р вЂ™Р’В Р В РІР‚в„ўР вЂ™Р’В Р В Р’В Р В РІР‚В Р В Р’В Р Р†Р вЂљРЎв„ўР В Р Р‹Р Р†РІР‚С›РЎС›Р В Р’В Р вЂ™Р’В Р В Р’В Р В РІР‚в„–Р В Р’В Р В Р вЂ№Р В Р вЂ Р В РІР‚С™Р РЋРІР‚СњР В Р’В Р вЂ™Р’В Р В РІР‚в„ўР вЂ™Р’В Р В Р’В Р Р†Р вЂљРІвЂћСћР В РІР‚в„ўР вЂ™Р’В Р В Р’В Р вЂ™Р’В Р В Р вЂ Р В РІР‚С™Р Р†РІР‚С›РЎС›Р В Р’В Р Р†Р вЂљРІвЂћСћР В РІР‚в„ўР вЂ™Р’В Р В Р’В Р вЂ™Р’В Р В РІР‚в„ўР вЂ™Р’В Р В Р’В Р В РІР‚В Р В Р’В Р Р†Р вЂљРЎв„ўР В Р вЂ Р Р†Р вЂљРЎвЂєР РЋРЎвЂєР В Р’В Р вЂ™Р’В Р В Р вЂ Р В РІР‚С™Р Р†РІР‚С›РЎС›Р В Р’В Р Р†Р вЂљРІвЂћСћР В РІР‚в„ўР вЂ™Р’В Р В Р’В Р вЂ™Р’В Р В РІР‚в„ўР вЂ™Р’В Р В Р’В Р Р†Р вЂљРІвЂћСћР В РІР‚в„ўР вЂ™Р’В Р В Р’В Р вЂ™Р’В Р В Р вЂ Р В РІР‚С™Р Р†РІР‚С›РЎС›Р В Р’В Р Р†Р вЂљРІвЂћСћР В РІР‚в„ўР вЂ™Р’В Р В Р’В Р вЂ™Р’В Р В РІР‚в„ўР вЂ™Р’В Р В Р’В Р вЂ™Р’В Р В Р вЂ Р В РІР‚С™Р вЂ™Р’В Р В Р’В Р вЂ™Р’В Р В РІР‚в„ўР вЂ™Р’В Р В Р’В Р В РІР‚В Р В Р’В Р Р†Р вЂљРЎв„ўР В Р Р‹Р Р†РІР‚С›РЎС›Р В Р’В Р вЂ™Р’В Р В Р вЂ Р В РІР‚С™Р Р†РІР‚С›РЎС›Р В Р’В Р Р†Р вЂљРІвЂћСћР В РІР‚в„ўР вЂ™Р’В Р В Р’В Р вЂ™Р’В Р В РІР‚в„ўР вЂ™Р’В Р В Р’В Р Р†Р вЂљРІвЂћСћР В РІР‚в„ўР вЂ™Р’В Р В Р’В Р вЂ™Р’В Р В Р вЂ Р В РІР‚С™Р Р†РІР‚С›РЎС›Р В Р’В Р Р†Р вЂљРІвЂћСћР В РІР‚в„ўР вЂ™Р’В Р В Р’В Р вЂ™Р’В Р В РІР‚в„ўР вЂ™Р’В Р В Р’В Р В РІР‚В Р В Р’В Р Р†Р вЂљРЎв„ўР В Р вЂ Р Р†Р вЂљРЎвЂєР РЋРЎвЂєР В Р’В Р вЂ™Р’В Р В Р вЂ Р В РІР‚С™Р Р†РІР‚С›РЎС›Р В Р’В Р Р†Р вЂљРІвЂћСћР В РІР‚в„ўР вЂ™Р’В Р В Р’В Р вЂ™Р’В Р В РІР‚в„ўР вЂ™Р’В Р В Р’В Р Р†Р вЂљРІвЂћСћР В РІР‚в„ўР вЂ™Р’В Р В Р’В Р вЂ™Р’В Р В РІР‚в„ўР вЂ™Р’В Р В Р’В Р вЂ™Р’В Р В Р вЂ Р В РІР‚С™Р Р†РІР‚С›РІР‚вЂњР В Р’В Р вЂ™Р’В Р В РІР‚в„ўР вЂ™Р’В Р В Р’В Р вЂ™Р’В Р В Р вЂ Р В РІР‚С™Р вЂ™Р’В Р В Р’В Р вЂ™Р’В Р В РІР‚в„ўР вЂ™Р’В Р В Р’В Р В РІР‚В Р В Р’В Р Р†Р вЂљРЎв„ўР В Р Р‹Р Р†РІР‚С›РЎС›Р В Р’В Р вЂ™Р’В Р В Р’В Р В РІР‚в„–Р В Р’В Р В Р вЂ№Р В Р Р‹Р Р†РІР‚С›РЎС›Р В Р’В Р вЂ™Р’В Р В РІР‚в„ўР вЂ™Р’В Р В Р’В Р Р†Р вЂљРІвЂћСћР В РІР‚в„ўР вЂ™Р’В Р В Р’В Р вЂ™Р’В Р В Р вЂ Р В РІР‚С™Р Р†РІР‚С›РЎС›Р В Р’В Р Р†Р вЂљРІвЂћСћР В РІР‚в„ўР вЂ™Р’В Р В Р’В Р вЂ™Р’В Р В РІР‚в„ўР вЂ™Р’В Р В Р’В Р В РІР‚В Р В Р’В Р Р†Р вЂљРЎв„ўР В Р вЂ Р Р†Р вЂљРЎвЂєР РЋРЎвЂєР В Р’В Р вЂ™Р’В Р В Р вЂ Р В РІР‚С™Р Р†РІР‚С›РЎС›Р В Р’В Р Р†Р вЂљРІвЂћСћР В РІР‚в„ўР вЂ™Р’В Р В Р’В Р вЂ™Р’В Р В РІР‚в„ўР вЂ™Р’В Р В Р’В Р Р†Р вЂљРІвЂћСћР В РІР‚в„ўР вЂ™Р’В Р В Р’В Р вЂ™Р’В Р В Р’В Р Р†Р вЂљР’В Р В Р’В Р вЂ™Р’В Р В Р вЂ Р В РІР‚С™Р РЋРІвЂћСћР В Р’В Р В РІР‚В Р В Р вЂ Р В РІР‚С™Р РЋРІР‚С”Р В Р Р‹Р РЋРІР‚С”Р В Р’В Р вЂ™Р’В Р В РІР‚в„ўР вЂ™Р’В Р В Р’В Р В РІР‚В Р В Р’В Р Р†Р вЂљРЎв„ўР В Р вЂ Р Р†Р вЂљРЎвЂєР РЋРЎвЂєР В Р’В Р вЂ™Р’В Р В Р вЂ Р В РІР‚С™Р Р†РІР‚С›РЎС›Р В Р’В Р Р†Р вЂљРІвЂћСћР В РІР‚в„ўР вЂ™Р’В°\\Р В Р’В Р вЂ™Р’В Р В РІР‚в„ўР вЂ™Р’В Р В Р’В Р Р†Р вЂљРІвЂћСћР В РІР‚в„ўР вЂ™Р’В Р В Р’В Р вЂ™Р’В Р В Р вЂ Р В РІР‚С™Р Р†РІР‚С›РЎС›Р В Р’В Р Р†Р вЂљРІвЂћСћР В РІР‚в„ўР вЂ™Р’В Р В Р’В Р вЂ™Р’В Р В РІР‚в„ўР вЂ™Р’В Р В Р’В Р Р†Р вЂљРІвЂћСћР В РІР‚в„ўР вЂ™Р’В Р В Р’В Р вЂ™Р’В Р В РІР‚в„ўР вЂ™Р’В Р В Р’В Р В РІР‚В Р В Р’В Р Р†Р вЂљРЎв„ўР В Р вЂ Р Р†Р вЂљРЎвЂєР Р†Р вЂљРІР‚СљР В Р’В Р вЂ™Р’В Р В РІР‚в„ўР вЂ™Р’В Р В Р’В Р Р†Р вЂљРІвЂћСћР В РІР‚в„ўР вЂ™Р’В Р В Р’В Р вЂ™Р’В Р В РІР‚в„ўР вЂ™Р’В Р В Р’В Р вЂ™Р’В Р В Р вЂ Р В РІР‚С™Р Р†РІР‚С›РІР‚вЂњР В Р’В Р вЂ™Р’В Р В РІР‚в„ўР вЂ™Р’В Р В Р’В Р вЂ™Р’В Р В Р вЂ Р В РІР‚С™Р вЂ™Р’В Р В Р’В Р вЂ™Р’В Р В РІР‚в„ўР вЂ™Р’В Р В Р’В Р В РІР‚В Р В Р’В Р Р†Р вЂљРЎв„ўР В Р Р‹Р Р†РІР‚С›РЎС›Р В Р’В Р вЂ™Р’В Р В Р’В Р В РІР‚в„–Р В Р’В Р В Р вЂ№Р В Р вЂ Р Р†Р вЂљРЎвЂєР РЋРЎвЂєР В Р’В Р вЂ™Р’В Р В РІР‚в„ўР вЂ™Р’В Р В Р’В Р Р†Р вЂљРІвЂћСћР В РІР‚в„ўР вЂ™Р’В Р В Р’В Р вЂ™Р’В Р В Р вЂ Р В РІР‚С™Р Р†РІР‚С›РЎС›Р В Р’В Р Р†Р вЂљРІвЂћСћР В РІР‚в„ўР вЂ™Р’В Р В Р’В Р вЂ™Р’В Р В РІР‚в„ўР вЂ™Р’В Р В Р’В Р Р†Р вЂљРІвЂћСћР В РІР‚в„ўР вЂ™Р’В Р В Р’В Р вЂ™Р’В Р В РІР‚в„ўР вЂ™Р’В Р В Р’В Р В РІР‚В Р В Р’В Р Р†Р вЂљРЎв„ўР В Р вЂ Р Р†Р вЂљРЎвЂєР Р†Р вЂљРІР‚СљР В Р’В Р вЂ™Р’В Р В РІР‚в„ўР вЂ™Р’В Р В Р’В Р Р†Р вЂљРІвЂћСћР В РІР‚в„ўР вЂ™Р’В Р В Р’В Р вЂ™Р’В Р В Р вЂ Р В РІР‚С™Р Р†РІР‚С›РЎС›Р В Р’В Р Р†Р вЂљРІвЂћСћР В РІР‚в„ўР вЂ™Р’В Р В Р’В Р вЂ™Р’В Р В РІР‚в„ўР вЂ™Р’В Р В Р’В Р вЂ™Р’В Р В Р’В Р Р†Р вЂљРІвЂћвЂ“Р В Р’В Р вЂ™Р’В Р В Р’В Р Р†Р вЂљР’В Р В Р’В Р вЂ™Р’В Р В Р вЂ Р В РІР‚С™Р РЋРІвЂћСћР В Р’В Р В Р вЂ№Р В Р Р‹Р Р†РІР‚С›РЎС›Р В Р’В Р вЂ™Р’В Р В РІР‚в„ўР вЂ™Р’В Р В Р’В Р Р†Р вЂљРІвЂћСћР В РІР‚в„ўР вЂ™Р’В Р В Р’В Р вЂ™Р’В Р В Р вЂ Р В РІР‚С™Р Р†РІР‚С›РЎС›Р В Р’В Р Р†Р вЂљРІвЂћСћР В РІР‚в„ўР вЂ™Р’В Р В Р’В Р вЂ™Р’В Р В РІР‚в„ўР вЂ™Р’В Р В Р’В Р Р†Р вЂљРІвЂћСћР В РІР‚в„ўР вЂ™Р’В Р В Р’В Р вЂ™Р’В Р В РІР‚в„ўР вЂ™Р’В Р В Р’В Р В РІР‚В Р В Р’В Р Р†Р вЂљРЎв„ўР В Р вЂ Р Р†Р вЂљРЎвЂєР Р†Р вЂљРІР‚СљР В Р’В Р вЂ™Р’В Р В РІР‚в„ўР вЂ™Р’В Р В Р’В Р Р†Р вЂљРІвЂћСћР В РІР‚в„ўР вЂ™Р’В Р В Р’В Р вЂ™Р’В Р В РІР‚в„ўР вЂ™Р’В Р В Р’В Р В РІР‚В Р В Р’В Р Р†Р вЂљРЎв„ўР В РІР‚в„ўР вЂ™Р’В Р В Р’В Р вЂ™Р’В Р В РІР‚в„ўР вЂ™Р’В Р В Р’В Р Р†Р вЂљРІвЂћСћР В РІР‚в„ўР вЂ™Р’В Р В Р’В Р вЂ™Р’В Р В Р’В Р Р†Р вЂљР’В Р В Р’В Р вЂ™Р’В Р В Р вЂ Р В РІР‚С™Р РЋРІвЂћСћР В Р’В Р В Р вЂ№Р В Р вЂ Р Р†Р вЂљРЎвЂєР РЋРЎвЂєР В Р’В Р вЂ™Р’В Р В РІР‚в„ўР вЂ™Р’В Р В Р’В Р вЂ™Р’В Р В Р’В Р Р†Р вЂљРІвЂћвЂ“Р В Р’В Р вЂ™Р’В Р В Р’В Р Р†Р вЂљР’В Р В Р’В Р В РІР‚В Р В Р’В Р Р†Р вЂљРЎв„ўР В Р Р‹Р Р†Р вЂљРЎвЂќР В Р’В Р В Р вЂ№Р В Р Р‹Р Р†Р вЂљРЎвЂќР В Р’В Р вЂ™Р’В Р В РІР‚в„ўР вЂ™Р’В Р В Р’В Р Р†Р вЂљРІвЂћСћР В РІР‚в„ўР вЂ™Р’В Р В Р’В Р вЂ™Р’В Р В Р вЂ Р В РІР‚С™Р Р†РІР‚С›РЎС›Р В Р’В Р Р†Р вЂљРІвЂћСћР В РІР‚в„ўР вЂ™Р’В Р В Р’В Р вЂ™Р’В Р В РІР‚в„ўР вЂ™Р’В Р В Р’В Р В РІР‚В Р В Р’В Р Р†Р вЂљРЎв„ўР В Р вЂ Р Р†Р вЂљРЎвЂєР РЋРЎвЂєР В Р’В Р вЂ™Р’В Р В Р вЂ Р В РІР‚С™Р Р†РІР‚С›РЎС›Р В Р’В Р Р†Р вЂљРІвЂћСћР В РІР‚в„ўР вЂ™Р’В Р В Р’В Р вЂ™Р’В Р В РІР‚в„ўР вЂ™Р’В Р В Р’В Р Р†Р вЂљРІвЂћСћР В РІР‚в„ўР вЂ™Р’В Р В Р’В Р вЂ™Р’В Р В Р’В Р Р†Р вЂљР’В Р В Р’В Р вЂ™Р’В Р В Р вЂ Р В РІР‚С™Р РЋРІвЂћСћР В Р’В Р В РІР‚В Р В Р вЂ Р В РІР‚С™Р РЋРІР‚С”Р В Р Р‹Р РЋРІР‚С”Р В Р’В Р вЂ™Р’В Р В РІР‚в„ўР вЂ™Р’В Р В Р’В Р В РІР‚В Р В Р’В Р Р†Р вЂљРЎв„ўР В Р вЂ Р Р†Р вЂљРЎвЂєР РЋРЎвЂєР В Р’В Р вЂ™Р’В Р В Р вЂ Р В РІР‚С™Р Р†РІР‚С›РЎС›Р В Р’В Р Р†Р вЂљРІвЂћСћР В РІР‚в„ўР вЂ™Р’В°Р В Р’В Р вЂ™Р’В Р В РІР‚в„ўР вЂ™Р’В Р В Р’В Р Р†Р вЂљРІвЂћСћР В РІР‚в„ўР вЂ™Р’В Р В Р’В Р вЂ™Р’В Р В Р вЂ Р В РІР‚С™Р Р†РІР‚С›РЎС›Р В Р’В Р Р†Р вЂљРІвЂћСћР В РІР‚в„ўР вЂ™Р’В Р В Р’В Р вЂ™Р’В Р В РІР‚в„ўР вЂ™Р’В Р В Р’В Р В РІР‚В Р В Р’В Р Р†Р вЂљРЎв„ўР В Р вЂ Р Р†Р вЂљРЎвЂєР РЋРЎвЂєР В Р’В Р вЂ™Р’В Р В Р вЂ Р В РІР‚С™Р Р†РІР‚С›РЎС›Р В Р’В Р Р†Р вЂљРІвЂћСћР В РІР‚в„ўР вЂ™Р’В Р В Р’В Р вЂ™Р’В Р В РІР‚в„ўР вЂ™Р’В Р В Р’В Р Р†Р вЂљРІвЂћСћР В РІР‚в„ўР вЂ™Р’В Р В Р’В Р вЂ™Р’В Р В Р вЂ Р В РІР‚С™Р Р†РІР‚С›РЎС›Р В Р’В Р Р†Р вЂљРІвЂћСћР В РІР‚в„ўР вЂ™Р’В Р В Р’В Р вЂ™Р’В Р В РІР‚в„ўР вЂ™Р’В Р В Р’В Р вЂ™Р’В Р В Р вЂ Р В РІР‚С™Р вЂ™Р’В Р В Р’В Р вЂ™Р’В Р В РІР‚в„ўР вЂ™Р’В Р В Р’В Р В РІР‚В Р В Р’В Р Р†Р вЂљРЎв„ўР В Р Р‹Р Р†РІР‚С›РЎС›Р В Р’В Р вЂ™Р’В Р В Р вЂ Р В РІР‚С™Р Р†РІР‚С›РЎС›Р В Р’В Р Р†Р вЂљРІвЂћСћР В РІР‚в„ўР вЂ™Р’В¦Р В Р’В Р вЂ™Р’В Р В РІР‚в„ўР вЂ™Р’В Р В Р’В Р Р†Р вЂљРІвЂћСћР В РІР‚в„ўР вЂ™Р’В Р В Р’В Р вЂ™Р’В Р В Р вЂ Р В РІР‚С™Р Р†РІР‚С›РЎС›Р В Р’В Р Р†Р вЂљРІвЂћСћР В РІР‚в„ўР вЂ™Р’В Р В Р’В Р вЂ™Р’В Р В РІР‚в„ўР вЂ™Р’В Р В Р’В Р В РІР‚В Р В Р’В Р Р†Р вЂљРЎв„ўР В Р вЂ Р Р†Р вЂљРЎвЂєР РЋРЎвЂєР В Р’В Р вЂ™Р’В Р В Р вЂ Р В РІР‚С™Р Р†РІР‚С›РЎС›Р В Р’В Р Р†Р вЂљРІвЂћСћР В РІР‚в„ўР вЂ™Р’В Р В Р’В Р вЂ™Р’В Р В РІР‚в„ўР вЂ™Р’В Р В Р’В Р Р†Р вЂљРІвЂћСћР В РІР‚в„ўР вЂ™Р’В Р В Р’В Р вЂ™Р’В Р В РІР‚в„ўР вЂ™Р’В Р В Р’В Р вЂ™Р’В Р В Р вЂ Р В РІР‚С™Р Р†РІР‚С›РІР‚вЂњР В Р’В Р вЂ™Р’В Р В РІР‚в„ўР вЂ™Р’В Р В Р’В Р вЂ™Р’В Р В Р вЂ Р В РІР‚С™Р вЂ™Р’В Р В Р’В Р вЂ™Р’В Р В РІР‚в„ўР вЂ™Р’В Р В Р’В Р В РІР‚В Р В Р’В Р Р†Р вЂљРЎв„ўР В Р Р‹Р Р†РІР‚С›РЎС›Р В Р’В Р вЂ™Р’В Р В Р’В Р В РІР‚в„–Р В Р’В Р В Р вЂ№Р В Р вЂ Р В РІР‚С™Р РЋРІР‚СњР В Р’В Р вЂ™Р’В Р В РІР‚в„ўР вЂ™Р’В Р В Р’В Р Р†Р вЂљРІвЂћСћР В РІР‚в„ўР вЂ™Р’В Р В Р’В Р вЂ™Р’В Р В Р вЂ Р В РІР‚С™Р Р†РІР‚С›РЎС›Р В Р’В Р Р†Р вЂљРІвЂћСћР В РІР‚в„ўР вЂ™Р’В Р В Р’В Р вЂ™Р’В Р В РІР‚в„ўР вЂ™Р’В Р В Р’В Р В РІР‚В Р В Р’В Р Р†Р вЂљРЎв„ўР В Р вЂ Р Р†Р вЂљРЎвЂєР РЋРЎвЂєР В Р’В Р вЂ™Р’В Р В Р вЂ Р В РІР‚С™Р Р†РІР‚С›РЎС›Р В Р’В Р Р†Р вЂљРІвЂћСћР В РІР‚в„ўР вЂ™Р’В Р В Р’В Р вЂ™Р’В Р В РІР‚в„ўР вЂ™Р’В Р В Р’В Р Р†Р вЂљРІвЂћСћР В РІР‚в„ўР вЂ™Р’В Р В Р’В Р вЂ™Р’В Р В Р вЂ Р В РІР‚С™Р Р†РІР‚С›РЎС›Р В Р’В Р Р†Р вЂљРІвЂћСћР В РІР‚в„ўР вЂ™Р’В Р В Р’В Р вЂ™Р’В Р В РІР‚в„ўР вЂ™Р’В Р В Р’В Р вЂ™Р’В Р В Р вЂ Р В РІР‚С™Р вЂ™Р’В Р В Р’В Р вЂ™Р’В Р В РІР‚в„ўР вЂ™Р’В Р В Р’В Р В РІР‚В Р В Р’В Р Р†Р вЂљРЎв„ўР В Р Р‹Р Р†РІР‚С›РЎС›Р В Р’В Р вЂ™Р’В Р В Р вЂ Р В РІР‚С™Р Р†РІР‚С›РЎС›Р В Р’В Р Р†Р вЂљРІвЂћСћР В РІР‚в„ўР вЂ™Р’В Р В Р’В Р вЂ™Р’В Р В РІР‚в„ўР вЂ™Р’В Р В Р’В Р Р†Р вЂљРІвЂћСћР В РІР‚в„ўР вЂ™Р’В Р В Р’В Р вЂ™Р’В Р В Р вЂ Р В РІР‚С™Р Р†РІР‚С›РЎС›Р В Р’В Р Р†Р вЂљРІвЂћСћР В РІР‚в„ўР вЂ™Р’В Р В Р’В Р вЂ™Р’В Р В РІР‚в„ўР вЂ™Р’В Р В Р’В Р Р†Р вЂљРІвЂћСћР В РІР‚в„ўР вЂ™Р’В Р В Р’В Р вЂ™Р’В Р В РІР‚в„ўР вЂ™Р’В Р В Р’В Р В РІР‚В Р В Р’В Р Р†Р вЂљРЎв„ўР В Р вЂ Р Р†Р вЂљРЎвЂєР Р†Р вЂљРІР‚СљР В Р’В Р вЂ™Р’В Р В РІР‚в„ўР вЂ™Р’В Р В Р’В Р Р†Р вЂљРІвЂћСћР В РІР‚в„ўР вЂ™Р’В Р В Р’В Р вЂ™Р’В Р В РІР‚в„ўР вЂ™Р’В Р В Р’В Р В РІР‚В Р В Р’В Р Р†Р вЂљРЎв„ўР В РІР‚в„ўР вЂ™Р’В Р В Р’В Р вЂ™Р’В Р В РІР‚в„ўР вЂ™Р’В Р В Р’В Р Р†Р вЂљРІвЂћСћР В РІР‚в„ўР вЂ™Р’В Р В Р’В Р вЂ™Р’В Р В Р’В Р Р†Р вЂљР’В Р В Р’В Р вЂ™Р’В Р В Р вЂ Р В РІР‚С™Р РЋРІвЂћСћР В Р’В Р В Р вЂ№Р В Р вЂ Р Р†Р вЂљРЎвЂєР РЋРЎвЂєР В Р’В Р вЂ™Р’В Р В РІР‚в„ўР вЂ™Р’В Р В Р’В Р В РІР‚В Р В Р’В Р Р†Р вЂљРЎв„ўР В Р вЂ Р Р†Р вЂљРЎвЂєР РЋРЎвЂєР В Р’В Р вЂ™Р’В Р В Р вЂ Р В РІР‚С™Р Р†РІР‚С›РЎС›Р В Р’В Р Р†Р вЂљРІвЂћСћР В РІР‚в„ўР вЂ™Р’В°Р В Р’В Р вЂ™Р’В Р В РІР‚в„ўР вЂ™Р’В Р В Р’В Р Р†Р вЂљРІвЂћСћР В РІР‚в„ўР вЂ™Р’В Р В Р’В Р вЂ™Р’В Р В Р вЂ Р В РІР‚С™Р Р†РІР‚С›РЎС›Р В Р’В Р Р†Р вЂљРІвЂћСћР В РІР‚в„ўР вЂ™Р’В Р В Р’В Р вЂ™Р’В Р В РІР‚в„ўР вЂ™Р’В Р В Р’В Р В РІР‚В Р В Р’В Р Р†Р вЂљРЎв„ўР В Р вЂ Р Р†Р вЂљРЎвЂєР РЋРЎвЂєР В Р’В Р вЂ™Р’В Р В Р вЂ Р В РІР‚С™Р Р†РІР‚С›РЎС›Р В Р’В Р Р†Р вЂљРІвЂћСћР В РІР‚в„ўР вЂ™Р’В Р В Р’В Р вЂ™Р’В Р В РІР‚в„ўР вЂ™Р’В Р В Р’В Р Р†Р вЂљРІвЂћСћР В РІР‚в„ўР вЂ™Р’В Р В Р’В Р вЂ™Р’В Р В РІР‚в„ўР вЂ™Р’В Р В Р’В Р вЂ™Р’В Р В Р вЂ Р В РІР‚С™Р Р†РІР‚С›РІР‚вЂњР В Р’В Р вЂ™Р’В Р В РІР‚в„ўР вЂ™Р’В Р В Р’В Р вЂ™Р’В Р В Р вЂ Р В РІР‚С™Р вЂ™Р’В Р В Р’В Р вЂ™Р’В Р В РІР‚в„ўР вЂ™Р’В Р В Р’В Р В РІР‚В Р В Р’В Р Р†Р вЂљРЎв„ўР В Р Р‹Р Р†РІР‚С›РЎС›Р В Р’В Р вЂ™Р’В Р В Р вЂ Р В РІР‚С™Р Р†РІР‚С›РЎС›Р В Р’В Р Р†Р вЂљРІвЂћСћР В РІР‚в„ўР вЂ™Р’ВР В Р’В Р вЂ™Р’В Р В РІР‚в„ўР вЂ™Р’В Р В Р’В Р Р†Р вЂљРІвЂћСћР В РІР‚в„ўР вЂ™Р’В Р В Р’В Р вЂ™Р’В Р В Р вЂ Р В РІР‚С™Р Р†РІР‚С›РЎС›Р В Р’В Р Р†Р вЂљРІвЂћСћР В РІР‚в„ўР вЂ™Р’В Р В Р’В Р вЂ™Р’В Р В РІР‚в„ўР вЂ™Р’В Р В Р’В Р В РІР‚В Р В Р’В Р Р†Р вЂљРЎв„ўР В Р вЂ Р Р†Р вЂљРЎвЂєР РЋРЎвЂєР В Р’В Р вЂ™Р’В Р В Р вЂ Р В РІР‚С™Р Р†РІР‚С›РЎС›Р В Р’В Р Р†Р вЂљРІвЂћСћР В РІР‚в„ўР вЂ™Р’В Р В Р’В Р вЂ™Р’В Р В РІР‚в„ўР вЂ™Р’В Р В Р’В Р Р†Р вЂљРІвЂћСћР В РІР‚в„ўР вЂ™Р’В Р В Р’В Р вЂ™Р’В Р В РІР‚в„ўР вЂ™Р’В Р В Р’В Р вЂ™Р’В Р В Р вЂ Р В РІР‚С™Р Р†РІР‚С›РІР‚вЂњР В Р’В Р вЂ™Р’В Р В РІР‚в„ўР вЂ™Р’В Р В Р’В Р вЂ™Р’В Р В Р вЂ Р В РІР‚С™Р вЂ™Р’В Р В Р’В Р вЂ™Р’В Р В РІР‚в„ўР вЂ™Р’В Р В Р’В Р В РІР‚В Р В Р’В Р Р†Р вЂљРЎв„ўР В Р Р‹Р Р†РІР‚С›РЎС›Р В Р’В Р вЂ™Р’В Р В Р’В Р В РІР‚в„–Р В Р’В Р В Р вЂ№Р В Р Р‹Р Р†РІР‚С›РЎС›Р В Р’В Р вЂ™Р’В Р В РІР‚в„ўР вЂ™Р’В Р В Р’В Р Р†Р вЂљРІвЂћСћР В РІР‚в„ўР вЂ™Р’В Р В Р’В Р вЂ™Р’В Р В Р вЂ Р В РІР‚С™Р Р†РІР‚С›РЎС›Р В Р’В Р Р†Р вЂљРІвЂћСћР В РІР‚в„ўР вЂ™Р’В Р В Р’В Р вЂ™Р’В Р В РІР‚в„ўР вЂ™Р’В Р В Р’В Р В РІР‚В Р В Р’В Р Р†Р вЂљРЎв„ўР В Р вЂ Р Р†Р вЂљРЎвЂєР РЋРЎвЂєР В Р’В Р вЂ™Р’В Р В Р вЂ Р В РІР‚С™Р Р†РІР‚С›РЎС›Р В Р’В Р Р†Р вЂљРІвЂћСћР В РІР‚в„ўР вЂ™Р’В Р В Р’В Р вЂ™Р’В Р В РІР‚в„ўР вЂ™Р’В Р В Р’В Р Р†Р вЂљРІвЂћСћР В РІР‚в„ўР вЂ™Р’В Р В Р’В Р вЂ™Р’В Р В РІР‚в„ўР вЂ™Р’В Р В Р’В Р вЂ™Р’В Р В Р вЂ Р В РІР‚С™Р Р†РІР‚С›РІР‚вЂњР В Р’В Р вЂ™Р’В Р В РІР‚в„ўР вЂ™Р’В Р В Р’В Р вЂ™Р’В Р В Р вЂ Р В РІР‚С™Р вЂ™Р’В Р В Р’В Р вЂ™Р’В Р В РІР‚в„ўР вЂ™Р’В Р В Р’В Р В РІР‚В Р В Р’В Р Р†Р вЂљРЎв„ўР В Р Р‹Р Р†РІР‚С›РЎС›Р В Р’В Р вЂ™Р’В Р В Р вЂ Р В РІР‚С™Р Р†РІР‚С›РЎС›Р В Р’В Р Р†Р вЂљРІвЂћСћР В РІР‚в„ўР вЂ™Р’В Р В Р’В Р вЂ™Р’В Р В РІР‚в„ўР вЂ™Р’В Р В Р’В Р Р†Р вЂљРІвЂћСћР В РІР‚в„ўР вЂ™Р’В Р В Р’В Р вЂ™Р’В Р В Р вЂ Р В РІР‚С™Р Р†РІР‚С›РЎС›Р В Р’В Р Р†Р вЂљРІвЂћСћР В РІР‚в„ўР вЂ™Р’В Р В Р’В Р вЂ™Р’В Р В РІР‚в„ўР вЂ™Р’В Р В Р’В Р В РІР‚В Р В Р’В Р Р†Р вЂљРЎв„ўР В Р вЂ Р Р†Р вЂљРЎвЂєР РЋРЎвЂєР В Р’В Р вЂ™Р’В Р В Р вЂ Р В РІР‚С™Р Р†РІР‚С›РЎС›Р В Р’В Р Р†Р вЂљРІвЂћСћР В РІР‚в„ўР вЂ™Р’В Р В Р’В Р вЂ™Р’В Р В РІР‚в„ўР вЂ™Р’В Р В Р’В Р Р†Р вЂљРІвЂћСћР В РІР‚в„ўР вЂ™Р’В Р В Р’В Р вЂ™Р’В Р В Р’В Р В РІР‚в„–Р В Р’В Р В Р вЂ№Р В Р вЂ Р В РІР‚С™Р РЋРІР‚СњР В Р’В Р вЂ™Р’В Р В РІР‚в„ўР вЂ™Р’В Р В Р’В Р вЂ™Р’В Р В Р вЂ Р В РІР‚С™Р вЂ™Р’В Р В Р’В Р вЂ™Р’В Р В РІР‚в„ўР вЂ™Р’В Р В Р’В Р В РІР‚В Р В Р’В Р Р†Р вЂљРЎв„ўР В Р Р‹Р Р†РІР‚С›РЎС›Р В Р’В Р вЂ™Р’В Р В Р вЂ Р В РІР‚С™Р Р†РІР‚С›РЎС›Р В Р’В Р Р†Р вЂљРІвЂћСћР В РІР‚в„ўР вЂ™Р’ВР В Р’В Р вЂ™Р’В Р В РІР‚в„ўР вЂ™Р’В Р В Р’В Р Р†Р вЂљРІвЂћСћР В РІР‚в„ўР вЂ™Р’В Р В Р’В Р вЂ™Р’В Р В Р вЂ Р В РІР‚С™Р Р†РІР‚С›РЎС›Р В Р’В Р Р†Р вЂљРІвЂћСћР В РІР‚в„ўР вЂ™Р’В Р В Р’В Р вЂ™Р’В Р В РІР‚в„ўР вЂ™Р’В Р В Р’В Р В РІР‚В Р В Р’В Р Р†Р вЂљРЎв„ўР В Р вЂ Р Р†Р вЂљРЎвЂєР РЋРЎвЂєР В Р’В Р вЂ™Р’В Р В Р вЂ Р В РІР‚С™Р Р†РІР‚С›РЎС›Р В Р’В Р Р†Р вЂљРІвЂћСћР В РІР‚в„ўР вЂ™Р’В Р В Р’В Р вЂ™Р’В Р В РІР‚в„ўР вЂ™Р’В Р В Р’В Р Р†Р вЂљРІвЂћСћР В РІР‚в„ўР вЂ™Р’В Р В Р’В Р вЂ™Р’В Р В Р’В Р Р†Р вЂљР’В Р В Р’В Р вЂ™Р’В Р В Р вЂ Р В РІР‚С™Р РЋРІвЂћСћР В Р’В Р В РІР‚В Р В Р вЂ Р В РІР‚С™Р РЋРІР‚С”Р В Р Р‹Р РЋРІР‚С”Р В Р’В Р вЂ™Р’В Р В РІР‚в„ўР вЂ™Р’В Р В Р’В Р В РІР‚В Р В Р’В Р Р†Р вЂљРЎв„ўР В Р вЂ Р Р†Р вЂљРЎвЂєР РЋРЎвЂєР В Р’В Р вЂ™Р’В Р В Р вЂ Р В РІР‚С™Р Р†РІР‚С›РЎС›Р В Р’В Р Р†Р вЂљРІвЂћСћР В РІР‚в„ўР вЂ™Р’В»Р В Р’В Р вЂ™Р’В Р В РІР‚в„ўР вЂ™Р’В Р В Р’В Р Р†Р вЂљРІвЂћСћР В РІР‚в„ўР вЂ™Р’В Р В Р’В Р вЂ™Р’В Р В Р вЂ Р В РІР‚С™Р Р†РІР‚С›РЎС›Р В Р’В Р Р†Р вЂљРІвЂћСћР В РІР‚в„ўР вЂ™Р’В Р В Р’В Р вЂ™Р’В Р В РІР‚в„ўР вЂ™Р’В Р В Р’В Р Р†Р вЂљРІвЂћСћР В РІР‚в„ўР вЂ™Р’В Р В Р’В Р вЂ™Р’В Р В РІР‚в„ўР вЂ™Р’В Р В Р’В Р В РІР‚В Р В Р’В Р Р†Р вЂљРЎв„ўР В Р вЂ Р Р†Р вЂљРЎвЂєР Р†Р вЂљРІР‚СљР В Р’В Р вЂ™Р’В Р В РІР‚в„ўР вЂ™Р’В Р В Р’В Р Р†Р вЂљРІвЂћСћР В РІР‚в„ўР вЂ™Р’В Р В Р’В Р вЂ™Р’В Р В Р вЂ Р В РІР‚С™Р Р†РІР‚С›РЎС›Р В Р’В Р Р†Р вЂљРІвЂћСћР В РІР‚в„ўР вЂ™Р’В Р В Р’В Р вЂ™Р’В Р В РІР‚в„ўР вЂ™Р’В Р В Р’В Р Р†Р вЂљРІвЂћСћР В РІР‚в„ўР вЂ™Р’В Р В Р’В Р вЂ™Р’В Р В РІР‚в„ўР вЂ™Р’В Р В Р’В Р вЂ™Р’В Р В Р’В Р В Р РЏ Р В Р’В Р вЂ™Р’В Р В РІР‚в„ўР вЂ™Р’В Р В Р’В Р Р†Р вЂљРІвЂћСћР В РІР‚в„ўР вЂ™Р’В Р В Р’В Р вЂ™Р’В Р В Р вЂ Р В РІР‚С™Р Р†РІР‚С›РЎС›Р В Р’В Р Р†Р вЂљРІвЂћСћР В РІР‚в„ўР вЂ™Р’В Р В Р’В Р вЂ™Р’В Р В РІР‚в„ўР вЂ™Р’В Р В Р’В Р Р†Р вЂљРІвЂћСћР В РІР‚в„ўР вЂ™Р’В Р В Р’В Р вЂ™Р’В Р В РІР‚в„ўР вЂ™Р’В Р В Р’В Р В РІР‚В Р В Р’В Р Р†Р вЂљРЎв„ўР В Р вЂ Р Р†Р вЂљРЎвЂєР Р†Р вЂљРІР‚СљР В Р’В Р вЂ™Р’В Р В РІР‚в„ўР вЂ™Р’В Р В Р’В Р Р†Р вЂљРІвЂћСћР В РІР‚в„ўР вЂ™Р’В Р В Р’В Р вЂ™Р’В Р В Р вЂ Р В РІР‚С™Р Р†РІР‚С›РЎС›Р В Р’В Р Р†Р вЂљРІвЂћСћР В РІР‚в„ўР вЂ™Р’В Р В Р’В Р вЂ™Р’В Р В РІР‚в„ўР вЂ™Р’В Р В Р’В Р вЂ™Р’В Р В Р’В Р Р†Р вЂљРІвЂћвЂ“Р В Р’В Р вЂ™Р’В Р В Р’В Р Р†Р вЂљР’В Р В Р’В Р вЂ™Р’В Р В Р вЂ Р В РІР‚С™Р РЋРІвЂћСћР В Р’В Р В Р вЂ№Р В Р Р‹Р Р†РІР‚С›РЎС›Р В Р’В Р вЂ™Р’В Р В РІР‚в„ўР вЂ™Р’В Р В Р’В Р Р†Р вЂљРІвЂћСћР В РІР‚в„ўР вЂ™Р’В Р В Р’В Р вЂ™Р’В Р В Р вЂ Р В РІР‚С™Р Р†РІР‚С›РЎС›Р В Р’В Р Р†Р вЂљРІвЂћСћР В РІР‚в„ўР вЂ™Р’В Р В Р’В Р вЂ™Р’В Р В РІР‚в„ўР вЂ™Р’В Р В Р’В Р Р†Р вЂљРІвЂћСћР В РІР‚в„ўР вЂ™Р’В Р В Р’В Р вЂ™Р’В Р В РІР‚в„ўР вЂ™Р’В Р В Р’В Р В РІР‚В Р В Р’В Р Р†Р вЂљРЎв„ўР В Р вЂ Р Р†Р вЂљРЎвЂєР Р†Р вЂљРІР‚СљР В Р’В Р вЂ™Р’В Р В РІР‚в„ўР вЂ™Р’В Р В Р’В Р Р†Р вЂљРІвЂћСћР В РІР‚в„ўР вЂ™Р’В Р В Р’В Р вЂ™Р’В Р В РІР‚в„ўР вЂ™Р’В Р В Р’В Р В РІР‚В Р В Р’В Р Р†Р вЂљРЎв„ўР В РІР‚в„ўР вЂ™Р’В Р В Р’В Р вЂ™Р’В Р В РІР‚в„ўР вЂ™Р’В Р В Р’В Р Р†Р вЂљРІвЂћСћР В РІР‚в„ўР вЂ™Р’В Р В Р’В Р вЂ™Р’В Р В Р’В Р Р†Р вЂљР’В Р В Р’В Р вЂ™Р’В Р В Р вЂ Р В РІР‚С™Р РЋРІвЂћСћР В Р’В Р В Р вЂ№Р В Р вЂ Р Р†Р вЂљРЎвЂєР РЋРЎвЂєР В Р’В Р вЂ™Р’В Р В РІР‚в„ўР вЂ™Р’В Р В Р’В Р вЂ™Р’В Р В Р’В Р Р†Р вЂљРІвЂћвЂ“Р В Р’В Р вЂ™Р’В Р В Р’В Р Р†Р вЂљР’В Р В Р’В Р В РІР‚В Р В Р’В Р Р†Р вЂљРЎв„ўР В Р Р‹Р Р†Р вЂљРЎвЂќР В Р’В Р В Р вЂ№Р В Р Р‹Р Р†Р вЂљРЎвЂќР В Р’В Р вЂ™Р’В Р В РІР‚в„ўР вЂ™Р’В Р В Р’В Р Р†Р вЂљРІвЂћСћР В РІР‚в„ўР вЂ™Р’В Р В Р’В Р вЂ™Р’В Р В Р вЂ Р В РІР‚С™Р Р†РІР‚С›РЎС›Р В Р’В Р Р†Р вЂљРІвЂћСћР В РІР‚в„ўР вЂ™Р’В Р В Р’В Р вЂ™Р’В Р В РІР‚в„ўР вЂ™Р’В Р В Р’В Р В РІР‚В Р В Р’В Р Р†Р вЂљРЎв„ўР В Р вЂ Р Р†Р вЂљРЎвЂєР РЋРЎвЂєР В Р’В Р вЂ™Р’В Р В Р вЂ Р В РІР‚С™Р Р†РІР‚С›РЎС›Р В Р’В Р Р†Р вЂљРІвЂћСћР В РІР‚в„ўР вЂ™Р’В Р В Р’В Р вЂ™Р’В Р В РІР‚в„ўР вЂ™Р’В Р В Р’В Р Р†Р вЂљРІвЂћСћР В РІР‚в„ўР вЂ™Р’В Р В Р’В Р вЂ™Р’В Р В Р’В Р Р†Р вЂљР’В Р В Р’В Р вЂ™Р’В Р В Р вЂ Р В РІР‚С™Р РЋРІвЂћСћР В Р’В Р В РІР‚В Р В Р вЂ Р В РІР‚С™Р РЋРІР‚С”Р В Р Р‹Р РЋРІР‚С”Р В Р’В Р вЂ™Р’В Р В РІР‚в„ўР вЂ™Р’В Р В Р’В Р В РІР‚В Р В Р’В Р Р†Р вЂљРЎв„ўР В Р вЂ Р Р†Р вЂљРЎвЂєР РЋРЎвЂєР В Р’В Р вЂ™Р’В Р В Р вЂ Р В РІР‚С™Р Р†РІР‚С›РЎС›Р В Р’В Р Р†Р вЂљРІвЂћСћР В РІР‚в„ўР вЂ™Р’В°Р В Р’В Р вЂ™Р’В Р В РІР‚в„ўР вЂ™Р’В Р В Р’В Р Р†Р вЂљРІвЂћСћР В РІР‚в„ўР вЂ™Р’В Р В Р’В Р вЂ™Р’В Р В Р вЂ Р В РІР‚С™Р Р†РІР‚С›РЎС›Р В Р’В Р Р†Р вЂљРІвЂћСћР В РІР‚в„ўР вЂ™Р’В Р В Р’В Р вЂ™Р’В Р В РІР‚в„ўР вЂ™Р’В Р В Р’В Р В РІР‚В Р В Р’В Р Р†Р вЂљРЎв„ўР В Р вЂ Р Р†Р вЂљРЎвЂєР РЋРЎвЂєР В Р’В Р вЂ™Р’В Р В Р вЂ Р В РІР‚С™Р Р†РІР‚С›РЎС›Р В Р’В Р Р†Р вЂљРІвЂћСћР В РІР‚в„ўР вЂ™Р’В Р В Р’В Р вЂ™Р’В Р В РІР‚в„ўР вЂ™Р’В Р В Р’В Р Р†Р вЂљРІвЂћСћР В РІР‚в„ўР вЂ™Р’В Р В Р’В Р вЂ™Р’В Р В Р’В Р Р†Р вЂљР’В Р В Р’В Р вЂ™Р’В Р В Р вЂ Р В РІР‚С™Р РЋРІвЂћСћР В Р’В Р В РІР‚В Р В Р вЂ Р В РІР‚С™Р РЋРІР‚С”Р В Р Р‹Р РЋРІР‚С”Р В Р’В Р вЂ™Р’В Р В РІР‚в„ўР вЂ™Р’В Р В Р’В Р В РІР‚В Р В Р’В Р Р†Р вЂљРЎв„ўР В Р вЂ Р Р†Р вЂљРЎвЂєР РЋРЎвЂєР В Р’В Р вЂ™Р’В Р В Р вЂ Р В РІР‚С™Р Р†РІР‚С›РЎС›Р В Р’В Р Р†Р вЂљРІвЂћСћР В РІР‚в„ўР вЂ™Р’В¶Р В Р’В Р вЂ™Р’В Р В РІР‚в„ўР вЂ™Р’В Р В Р’В Р Р†Р вЂљРІвЂћСћР В РІР‚в„ўР вЂ™Р’В Р В Р’В Р вЂ™Р’В Р В Р вЂ Р В РІР‚С™Р Р†РІР‚С›РЎС›Р В Р’В Р Р†Р вЂљРІвЂћСћР В РІР‚в„ўР вЂ™Р’В Р В Р’В Р вЂ™Р’В Р В РІР‚в„ўР вЂ™Р’В Р В Р’В Р В РІР‚В Р В Р’В Р Р†Р вЂљРЎв„ўР В Р вЂ Р Р†Р вЂљРЎвЂєР РЋРЎвЂєР В Р’В Р вЂ™Р’В Р В Р вЂ Р В РІР‚С™Р Р†РІР‚С›РЎС›Р В Р’В Р Р†Р вЂљРІвЂћСћР В РІР‚в„ўР вЂ™Р’В Р В Р’В Р вЂ™Р’В Р В РІР‚в„ўР вЂ™Р’В Р В Р’В Р Р†Р вЂљРІвЂћСћР В РІР‚в„ўР вЂ™Р’В Р В Р’В Р вЂ™Р’В Р В РІР‚в„ўР вЂ™Р’В Р В Р’В Р вЂ™Р’В Р В Р вЂ Р В РІР‚С™Р Р†РІР‚С›РІР‚вЂњР В Р’В Р вЂ™Р’В Р В РІР‚в„ўР вЂ™Р’В Р В Р’В Р вЂ™Р’В Р В Р вЂ Р В РІР‚С™Р вЂ™Р’В Р В Р’В Р вЂ™Р’В Р В РІР‚в„ўР вЂ™Р’В Р В Р’В Р В РІР‚В Р В Р’В Р Р†Р вЂљРЎв„ўР В Р Р‹Р Р†РІР‚С›РЎС›Р В Р’В Р вЂ™Р’В Р В Р вЂ Р В РІР‚С™Р Р†РІР‚С›РЎС›Р В Р’В Р Р†Р вЂљРІвЂћСћР В РІР‚в„ўР вЂ™Р’ВР В Р’В Р вЂ™Р’В Р В РІР‚в„ўР вЂ™Р’В Р В Р’В Р Р†Р вЂљРІвЂћСћР В РІР‚в„ўР вЂ™Р’В Р В Р’В Р вЂ™Р’В Р В Р вЂ Р В РІР‚С™Р Р†РІР‚С›РЎС›Р В Р’В Р Р†Р вЂљРІвЂћСћР В РІР‚в„ўР вЂ™Р’В Р В Р’В Р вЂ™Р’В Р В РІР‚в„ўР вЂ™Р’В Р В Р’В Р Р†Р вЂљРІвЂћСћР В РІР‚в„ўР вЂ™Р’В Р В Р’В Р вЂ™Р’В Р В РІР‚в„ўР вЂ™Р’В Р В Р’В Р В РІР‚В Р В Р’В Р Р†Р вЂљРЎв„ўР В Р вЂ Р Р†Р вЂљРЎвЂєР Р†Р вЂљРІР‚СљР В Р’В Р вЂ™Р’В Р В РІР‚в„ўР вЂ™Р’В Р В Р’В Р Р†Р вЂљРІвЂћСћР В РІР‚в„ўР вЂ™Р’В Р В Р’В Р вЂ™Р’В Р В Р вЂ Р В РІР‚С™Р Р†РІР‚С›РЎС›Р В Р’В Р Р†Р вЂљРІвЂћСћР В РІР‚в„ўР вЂ™Р’В Р В Р’В Р вЂ™Р’В Р В РІР‚в„ўР вЂ™Р’В Р В Р’В Р вЂ™Р’В Р В Р вЂ Р В РІР‚С™Р вЂ™Р’В Р В Р’В Р вЂ™Р’В Р В РІР‚в„ўР вЂ™Р’В Р В Р’В Р В РІР‚В Р В Р’В Р Р†Р вЂљРЎв„ўР В Р Р‹Р Р†РІР‚С›РЎС›Р В Р’В Р вЂ™Р’В Р В Р’В Р В РІР‚в„–Р В Р’В Р В РІР‚В Р В Р вЂ Р В РІР‚С™Р РЋРІР‚С”Р В Р Р‹Р РЋРІР‚С”Р В Р’В Р вЂ™Р’В Р В РІР‚в„ўР вЂ™Р’В Р В Р’В Р Р†Р вЂљРІвЂћСћР В РІР‚в„ўР вЂ™Р’В Р В Р’В Р вЂ™Р’В Р В Р вЂ Р В РІР‚С™Р Р†РІР‚С›РЎС›Р В Р’В Р Р†Р вЂљРІвЂћСћР В РІР‚в„ўР вЂ™Р’В Р В Р’В Р вЂ™Р’В Р В РІР‚в„ўР вЂ™Р’В Р В Р’В Р В РІР‚В Р В Р’В Р Р†Р вЂљРЎв„ўР В Р вЂ Р Р†Р вЂљРЎвЂєР РЋРЎвЂєР В Р’В Р вЂ™Р’В Р В Р вЂ Р В РІР‚С™Р Р†РІР‚С›РЎС›Р В Р’В Р Р†Р вЂљРІвЂћСћР В РІР‚в„ўР вЂ™Р’В Р В Р’В Р вЂ™Р’В Р В РІР‚в„ўР вЂ™Р’В Р В Р’В Р Р†Р вЂљРІвЂћСћР В РІР‚в„ўР вЂ™Р’В Р В Р’В Р вЂ™Р’В Р В РІР‚в„ўР вЂ™Р’В Р В Р’В Р вЂ™Р’В Р В Р вЂ Р В РІР‚С™Р Р†РІР‚С›РІР‚вЂњР В Р’В Р вЂ™Р’В Р В РІР‚в„ўР вЂ™Р’В Р В Р’В Р вЂ™Р’В Р В Р вЂ Р В РІР‚С™Р вЂ™Р’В Р В Р’В Р вЂ™Р’В Р В РІР‚в„ўР вЂ™Р’В Р В Р’В Р В РІР‚В Р В Р’В Р Р†Р вЂљРЎв„ўР В Р Р‹Р Р†РІР‚С›РЎС›Р В Р’В Р вЂ™Р’В Р В Р’В Р В РІР‚в„–Р В Р’В Р В Р вЂ№Р В Р вЂ Р В РІР‚С™Р РЋРІР‚СњР В Р’В Р вЂ™Р’В Р В РІР‚в„ўР вЂ™Р’В Р В Р’В Р Р†Р вЂљРІвЂћСћР В РІР‚в„ўР вЂ™Р’В Р В Р’В Р вЂ™Р’В Р В Р вЂ Р В РІР‚С™Р Р†РІР‚С›РЎС›Р В Р’В Р Р†Р вЂљРІвЂћСћР В РІР‚в„ўР вЂ™Р’В Р В Р’В Р вЂ™Р’В Р В РІР‚в„ўР вЂ™Р’В Р В Р’В Р В РІР‚В Р В Р’В Р Р†Р вЂљРЎв„ўР В Р вЂ Р Р†Р вЂљРЎвЂєР РЋРЎвЂєР В Р’В Р вЂ™Р’В Р В Р вЂ Р В РІР‚С™Р Р†РІР‚С›РЎС›Р В Р’В Р Р†Р вЂљРІвЂћСћР В РІР‚в„ўР вЂ™Р’В Р В Р’В Р вЂ™Р’В Р В РІР‚в„ўР вЂ™Р’В Р В Р’В Р Р†Р вЂљРІвЂћСћР В РІР‚в„ўР вЂ™Р’В Р В Р’В Р вЂ™Р’В Р В Р вЂ Р В РІР‚С™Р Р†РІР‚С›РЎС›Р В Р’В Р Р†Р вЂљРІвЂћСћР В РІР‚в„ўР вЂ™Р’В Р В Р’В Р вЂ™Р’В Р В РІР‚в„ўР вЂ™Р’В Р В Р’В Р вЂ™Р’В Р В Р вЂ Р В РІР‚С™Р вЂ™Р’В Р В Р’В Р вЂ™Р’В Р В РІР‚в„ўР вЂ™Р’В Р В Р’В Р В РІР‚В Р В Р’В Р Р†Р вЂљРЎв„ўР В Р Р‹Р Р†РІР‚С›РЎС›Р В Р’В Р вЂ™Р’В Р В Р вЂ Р В РІР‚С™Р Р†РІР‚С›РЎС›Р В Р’В Р Р†Р вЂљРІвЂћСћР В РІР‚в„ўР вЂ™Р’В Р В Р’В Р вЂ™Р’В Р В РІР‚в„ўР вЂ™Р’В Р В Р’В Р Р†Р вЂљРІвЂћСћР В РІР‚в„ўР вЂ™Р’В Р В Р’В Р вЂ™Р’В Р В Р вЂ Р В РІР‚С™Р Р†РІР‚С›РЎС›Р В Р’В Р Р†Р вЂљРІвЂћСћР В РІР‚в„ўР вЂ™Р’В Р В Р’В Р вЂ™Р’В Р В РІР‚в„ўР вЂ™Р’В Р В Р’В Р В РІР‚В Р В Р’В Р Р†Р вЂљРЎв„ўР В Р вЂ Р Р†Р вЂљРЎвЂєР РЋРЎвЂєР В Р’В Р вЂ™Р’В Р В Р вЂ Р В РІР‚С™Р Р†РІР‚С›РЎС›Р В Р’В Р Р†Р вЂљРІвЂћСћР В РІР‚в„ўР вЂ™Р’В Р В Р’В Р вЂ™Р’В Р В РІР‚в„ўР вЂ™Р’В Р В Р’В Р Р†Р вЂљРІвЂћСћР В РІР‚в„ўР вЂ™Р’В Р В Р’В Р вЂ™Р’В Р В РІР‚в„ўР вЂ™Р’В Р В Р’В Р вЂ™Р’В Р В Р вЂ Р В РІР‚С™Р Р†РІР‚С›РІР‚вЂњР В Р’В Р вЂ™Р’В Р В РІР‚в„ўР вЂ™Р’В Р В Р’В Р вЂ™Р’В Р В Р вЂ Р В РІР‚С™Р вЂ™Р’В Р В Р’В Р вЂ™Р’В Р В РІР‚в„ўР вЂ™Р’В Р В Р’В Р В РІР‚В Р В Р’В Р Р†Р вЂљРЎв„ўР В Р Р‹Р Р†РІР‚С›РЎС›Р В Р’В Р вЂ™Р’В Р В Р’В Р В РІР‚в„–Р В Р’В Р В Р вЂ№Р В Р Р‹Р Р†РІР‚С›РЎС›Р В Р’В Р вЂ™Р’В Р В РІР‚в„ўР вЂ™Р’В Р В Р’В Р Р†Р вЂљРІвЂћСћР В РІР‚в„ўР вЂ™Р’В Р В Р’В Р вЂ™Р’В Р В Р вЂ Р В РІР‚С™Р Р†РІР‚С›РЎС›Р В Р’В Р Р†Р вЂљРІвЂћСћР В РІР‚в„ўР вЂ™Р’В Р В Р’В Р вЂ™Р’В Р В РІР‚в„ўР вЂ™Р’В Р В Р’В Р В РІР‚В Р В Р’В Р Р†Р вЂљРЎв„ўР В Р вЂ Р Р†Р вЂљРЎвЂєР РЋРЎвЂєР В Р’В Р вЂ™Р’В Р В Р вЂ Р В РІР‚С™Р Р†РІР‚С›РЎС›Р В Р’В Р Р†Р вЂљРІвЂћСћР В РІР‚в„ўР вЂ™Р’В Р В Р’В Р вЂ™Р’В Р В РІР‚в„ўР вЂ™Р’В Р В Р’В Р Р†Р вЂљРІвЂћСћР В РІР‚в„ўР вЂ™Р’В Р В Р’В Р вЂ™Р’В Р В РІР‚в„ўР вЂ™Р’В Р В Р’В Р вЂ™Р’В Р В Р вЂ Р В РІР‚С™Р Р†РІР‚С›РІР‚вЂњР В Р’В Р вЂ™Р’В Р В РІР‚в„ўР вЂ™Р’В Р В Р’В Р вЂ™Р’В Р В Р вЂ Р В РІР‚С™Р вЂ™Р’В Р В Р’В Р вЂ™Р’В Р В РІР‚в„ўР вЂ™Р’В Р В Р’В Р В РІР‚В Р В Р’В Р Р†Р вЂљРЎв„ўР В Р Р‹Р Р†РІР‚С›РЎС›Р В Р’В Р вЂ™Р’В Р В Р вЂ Р В РІР‚С™Р Р†РІР‚С›РЎС›Р В Р’В Р Р†Р вЂљРІвЂћСћР В РІР‚в„ўР вЂ™Р’В\\firefoxportable\\firefoxportable.exe",
    "RecordingDate": "Р В Р’В Р вЂ™Р’В Р В РІР‚в„ўР вЂ™Р’В Р В Р’В Р Р†Р вЂљРІвЂћСћР В РІР‚в„ўР вЂ™Р’В Р В Р’В Р вЂ™Р’В Р В Р вЂ Р В РІР‚С™Р Р†РІР‚С›РЎС›Р В Р’В Р Р†Р вЂљРІвЂћСћР В РІР‚в„ўР вЂ™Р’В Р В Р’В Р вЂ™Р’В Р В РІР‚в„ўР вЂ™Р’В Р В Р’В Р В РІР‚В Р В Р’В Р Р†Р вЂљРЎв„ўР В Р вЂ Р Р†Р вЂљРЎвЂєР РЋРЎвЂєР В Р’В Р вЂ™Р’В Р В Р вЂ Р В РІР‚С™Р Р†РІР‚С›РЎС›Р В Р’В Р Р†Р вЂљРІвЂћСћР В РІР‚в„ўР вЂ™Р’В Р В Р’В Р вЂ™Р’В Р В РІР‚в„ўР вЂ™Р’В Р В Р’В Р Р†Р вЂљРІвЂћСћР В РІР‚в„ўР вЂ™Р’В Р В Р’В Р вЂ™Р’В Р В РІР‚в„ўР вЂ™Р’В Р В Р’В Р вЂ™Р’В Р В Р вЂ Р В РІР‚С™Р Р†РІР‚С›РІР‚вЂњР В Р’В Р вЂ™Р’В Р В РІР‚в„ўР вЂ™Р’В Р В Р’В Р вЂ™Р’В Р В Р вЂ Р В РІР‚С™Р вЂ™Р’В Р В Р’В Р вЂ™Р’В Р В РІР‚в„ўР вЂ™Р’В Р В Р’В Р В РІР‚В Р В Р’В Р Р†Р вЂљРЎв„ўР В Р Р‹Р Р†РІР‚С›РЎС›Р В Р’В Р вЂ™Р’В Р В Р’В Р В РІР‚в„–Р В Р’В Р В Р вЂ№Р В Р вЂ Р В РІР‚С™Р РЋРІР‚СњР В Р’В Р вЂ™Р’В Р В РІР‚в„ўР вЂ™Р’В Р В Р’В Р Р†Р вЂљРІвЂћСћР В РІР‚в„ўР вЂ™Р’В Р В Р’В Р вЂ™Р’В Р В Р вЂ Р В РІР‚С™Р Р†РІР‚С›РЎС›Р В Р’В Р Р†Р вЂљРІвЂћСћР В РІР‚в„ўР вЂ™Р’В Р В Р’В Р вЂ™Р’В Р В РІР‚в„ўР вЂ™Р’В Р В Р’В Р В РІР‚В Р В Р’В Р Р†Р вЂљРЎв„ўР В Р вЂ Р Р†Р вЂљРЎвЂєР РЋРЎвЂєР В Р’В Р вЂ™Р’В Р В Р вЂ Р В РІР‚С™Р Р†РІР‚С›РЎС›Р В Р’В Р Р†Р вЂљРІвЂћСћР В РІР‚в„ўР вЂ™Р’В Р В Р’В Р вЂ™Р’В Р В РІР‚в„ўР вЂ™Р’В Р В Р’В Р Р†Р вЂљРІвЂћСћР В РІР‚в„ўР вЂ™Р’В Р В Р’В Р вЂ™Р’В Р В РІР‚в„ўР вЂ™Р’В Р В Р’В Р вЂ™Р’В Р В Р вЂ Р В РІР‚С™Р Р†РІР‚С›РІР‚вЂњР В Р’В Р вЂ™Р’В Р В РІР‚в„ўР вЂ™Р’В Р В Р’В Р вЂ™Р’В Р В Р вЂ Р В РІР‚С™Р вЂ™Р’В Р В Р’В Р вЂ™Р’В Р В РІР‚в„ўР вЂ™Р’В Р В Р’В Р В РІР‚В Р В Р’В Р Р†Р вЂљРЎв„ўР В Р Р‹Р Р†РІР‚С›РЎС›Р В Р’В Р вЂ™Р’В Р В Р’В Р В РІР‚в„–Р В Р’В Р В Р вЂ№Р В Р Р‹Р Р†РІР‚С›РЎС›Р В Р’В Р вЂ™Р’В Р В РІР‚в„ўР вЂ™Р’В Р В Р’В Р Р†Р вЂљРІвЂћСћР В РІР‚в„ўР вЂ™Р’В Р В Р’В Р вЂ™Р’В Р В Р вЂ Р В РІР‚С™Р Р†РІР‚С›РЎС›Р В Р’В Р Р†Р вЂљРІвЂћСћР В РІР‚в„ўР вЂ™Р’В Р В Р’В Р вЂ™Р’В Р В РІР‚в„ўР вЂ™Р’В Р В Р’В Р Р†Р вЂљРІвЂћСћР В РІР‚в„ўР вЂ™Р’В Р В Р’В Р вЂ™Р’В Р В РІР‚в„ўР вЂ™Р’В Р В Р’В Р В РІР‚В Р В Р’В Р Р†Р вЂљРЎв„ўР В Р вЂ Р Р†Р вЂљРЎвЂєР Р†Р вЂљРІР‚СљР В Р’В Р вЂ™Р’В Р В РІР‚в„ўР вЂ™Р’В Р В Р’В Р Р†Р вЂљРІвЂћСћР В РІР‚в„ўР вЂ™Р’В Р В Р’В Р вЂ™Р’В Р В РІР‚в„ўР вЂ™Р’В Р В Р’В Р В РІР‚В Р В Р’В Р Р†Р вЂљРЎв„ўР В РІР‚в„ўР вЂ™Р’В Р В Р’В Р вЂ™Р’В Р В РІР‚в„ўР вЂ™Р’В Р В Р’В Р Р†Р вЂљРІвЂћСћР В РІР‚в„ўР вЂ™Р’В Р В Р’В Р вЂ™Р’В Р В Р’В Р Р†Р вЂљР’В Р В Р’В Р вЂ™Р’В Р В Р вЂ Р В РІР‚С™Р РЋРІвЂћСћР В Р’В Р В Р вЂ№Р В Р вЂ Р Р†Р вЂљРЎвЂєР РЋРЎвЂєР В Р’В Р вЂ™Р’В Р В РІР‚в„ўР вЂ™Р’В Р В Р’В Р вЂ™Р’В Р В Р’В Р Р†Р вЂљРІвЂћвЂ“Р В Р’В Р вЂ™Р’В Р В Р’В Р Р†Р вЂљР’В Р В Р’В Р В РІР‚В Р В Р’В Р Р†Р вЂљРЎв„ўР В Р Р‹Р Р†Р вЂљРЎвЂќР В Р’В Р В Р вЂ№Р В Р Р‹Р Р†Р вЂљРЎвЂќ-07-2022",
    "RecordingDuration": 181938,
    "RecordingMode": "N/A",
    "RecordingTimeStamp": 1665164270,
    "RecordingType": "Application",
    "TotalBytesReceived": 57100,
    "TotalBytesSent": 15291,
    "TotalRequests": 28,
    "UserAgent": "Mozilla/5.0 (Windows NT 10.0; Win64; x64; rv:105.0) Gecko/20100101 Firefox/105.0"
  },
  "HostInfo": [
    {
      "DomainName": "localhost",
      "Domains": [
        {
          "HTTPVersion": "HTTP/1.1",
          "IP": "[::1]",
          "IncludeInScript": true,
          "Name": "localhost",
          "Port": 8090,
          "Requests": [
            {
              "CompressionType": "",
              "DataType": "text/html",
              "DownloadTime": 282,
              "EventId": 1154,
              "HttpStatus": 200,
              "Size": 2747,
              "URL": "http://localhost:8090/WebTours/nav.pl?in=home"
            },
            {
              "CompressionType": "",
              "DataType": "text/html",
              "DownloadTime": 47,
              "EventId": 1152,
              "HttpStatus": 304,
              "Size": 0,
              "URL": "http://localhost:8090/WebTours/home.html"
            },
            {
              "CompressionType": "",
              "DataType": "text/html",
              "DownloadTime": 219,
              "EventId": 1147,
              "HttpStatus": 200,
              "Size": 630,
              "URL": "http://localhost:8090/WebTours/welcome.pl?signOff=1"
            },
            {
              "CompressionType": "",
              "DataType": "text/html",
              "DownloadTime": 235,
              "EventId": 1139,
              "HttpStatus": 200,
              "Size": 883,
              "URL": "http://localhost:8090/WebTours/itinerary.pl"
            },
            {
              "CompressionType": "",
              "DataType": "image/gif",
              "DownloadTime": 16,
              "EventId": 1128,
              "HttpStatus": 200,
              "Size": 688,
              "URL": "http://localhost:8090/WebTours/images/home.gif"
            },
            {
              "CompressionType": "",
              "DataType": "image/gif",
              "DownloadTime": 16,
              "EventId": 1124,
              "HttpStatus": 200,
              "Size": 733,
              "URL": "http://localhost:8090/WebTours/images/in_itinerary.gif"
            },
            {
              "CompressionType": "",
              "DataType": "image/gif",
              "DownloadTime": 15,
              "EventId": 1121,
              "HttpStatus": 200,
              "Size": 742,
              "URL": "http://localhost:8090/WebTours/images/cancelallreservations.gif"
            },
            {
              "CompressionType": "",
              "DataType": "image/gif",
              "DownloadTime": 16,
              "EventId": 1119,
              "HttpStatus": 200,
              "Size": 831,
              "URL": "http://localhost:8090/WebTours/images/cancelreservation.gif"
            },
            {
              "CompressionType": "",
              "DataType": "text/html",
              "DownloadTime": 281,
              "EventId": 1116,
              "HttpStatus": 200,
              "Size": 1476,
              "URL": "http://localhost:8090/WebTours/nav.pl?page=menu&in=itinerary"
            },
            {
              "CompressionType": "",
              "DataType": "text/html",
              "DownloadTime": 250,
              "EventId": 1114,
              "HttpStatus": 200,
              "Size": 2542,
              "URL": "http://localhost:8090/WebTours/itinerary.pl"
            },
            {
              "CompressionType": "",
              "DataType": "text/html",
              "DownloadTime": 219,
              "EventId": 1109,
              "HttpStatus": 200,
              "Size": 535,
              "URL": "http://localhost:8090/WebTours/welcome.pl?page=itinerary"
            },
            {
              "CompressionType": "",
              "DataType": "image/gif",
              "DownloadTime": 16,
              "EventId": 1069,
              "HttpStatus": 200,
              "Size": 751,
              "URL": "http://localhost:8090/WebTours/images/signoff.gif"
            },
            {
              "CompressionType": "",
              "DataType": "image/gif",
              "DownloadTime": 0,
              "EventId": 1066,
              "HttpStatus": 200,
              "Size": 733,
              "URL": "http://localhost:8090/WebTours/images/itinerary.gif"
            },
            {
              "CompressionType": "",
              "DataType": "image/gif",
              "DownloadTime": 15,
              "EventId": 1063,
              "HttpStatus": 200,
              "Size": 726,
              "URL": "http://localhost:8090/WebTours/images/flights.gif"
            },
            {
              "CompressionType": "",
              "DataType": "text/html",
              "DownloadTime": 265,
              "EventId": 1059,
              "HttpStatus": 200,
              "Size": 1476,
              "URL": "http://localhost:8090/WebTours/nav.pl?page=menu&in=home"
            },
            {
              "CompressionType": "",
              "DataType": "text/html",
              "DownloadTime": 235,
              "EventId": 1056,
              "HttpStatus": 200,
              "Size": 914,
              "URL": "http://localhost:8090/WebTours/login.pl?intro=true"
            },
            {
              "CompressionType": "",
              "DataType": "text/html",
              "DownloadTime": 250,
              "EventId": 1050,
              "HttpStatus": 200,
              "Size": 437,
              "URL": "http://localhost:8090/WebTours/login.pl"
            },
            {
              "CompressionType": "",
              "DataType": "image/gif",
              "DownloadTime": 15,
              "EventId": 876,
              "HttpStatus": 200,
              "Size": 679,
              "URL": "http://localhost:8090/WebTours/images/mer_login.gif"
            },
            {
              "CompressionType": "",
              "DataType": "image/png",
              "DownloadTime": 0,
              "EventId": 868,
              "HttpStatus": 200,
              "Size": 29614,
              "URL": "http://localhost:8090/WebTours/images/fonJM.png"
            },
            {
              "CompressionType": "",
              "DataType": "image/gif",
              "DownloadTime": 0,
              "EventId": 866,
              "HttpStatus": 200,
              "Size": 688,
              "URL": "http://localhost:8090/WebTours/images/in_home.gif"
            },
            {
              "CompressionType": "",
              "DataType": "image/png",
              "DownloadTime": 0,
              "EventId": 855,
              "HttpStatus": 200,
              "Size": 818,
              "URL": "http://localhost:8090/WebTours/images/webtours.png"
            },
            {
              "CompressionType": "",
              "DataType": "image/png",
              "DownloadTime": 16,
              "EventId": 853,
              "HttpStatus": 200,
              "Size": 2522,
              "URL": "http://localhost:8090/WebTours/images/jmeter_logo.png"
            },
            {
              "CompressionType": "",
              "DataType": "text/html",
              "DownloadTime": 297,
              "EventId": 851,
              "HttpStatus": 200,
              "Size": 2757,
              "URL": "http://localhost:8090/WebTours/nav.pl?in=home"
            },
            {
              "CompressionType": "",
              "DataType": "text/html",
              "DownloadTime": 31,
              "EventId": 823,
              "HttpStatus": 200,
              "Size": 1322,
              "URL": "http://localhost:8090/WebTours/home.html"
            },
            {
              "CompressionType": "",
              "DataType": "text/html",
              "DownloadTime": 0,
              "EventId": 818,
              "HttpStatus": 200,
              "Size": 800,
              "URL": "http://localhost:8090/WebTours/header.html"
            },
            {
              "CompressionType": "",
              "DataType": "text/html",
              "DownloadTime": 235,
              "EventId": 806,
              "HttpStatus": 200,
              "Size": 630,
              "URL": "http://localhost:8090/WebTours/welcome.pl?signOff=true"
            },
            {
              "CompressionType": "",
              "DataType": "text/html",
              "DownloadTime": 16,
              "EventId": 801,
              "HttpStatus": 404,
              "Size": 114,
              "URL": "http://localhost:8090/favicon.ico"
            },
            {
              "CompressionType": "",
              "DataType": "text/html",
              "DownloadTime": 0,
              "EventId": 766,
              "HttpStatus": 200,
              "Size": 312,
              "URL": "http://localhost:8090/WebTours/"
            }
          ],
          "SSLCipher": "None",
          "SSLVersion": "None"
        }
      ],
      "IncludeInScript": true
    },
    {
      "DomainName": "firefox.com",
      "Domains": [
        {
          "HTTPVersion": "HTTP/1.1",
          "IP": "34.107.221.82",
          "IncludeInScript": false,
          "Name": "detectportal.firefox.com",
          "Port": 80,
          "Requests": [
            {
              "CompressionType": "",
              "DataType": "text/plain",
              "DownloadTime": 31,
              "EventId": 1226,
              "HttpStatus": 200,
              "Size": 8,
              "URL": "http://detectportal.firefox.com/success.txt?ipv4"
            },
            {
              "CompressionType": "",
              "DataType": "text/html",
              "DownloadTime": 47,
              "EventId": 1208,
              "HttpStatus": 200,
              "Size": 90,
              "URL": "http://detectportal.firefox.com/canonical.html"
            },
            {
              "CompressionType": "",
              "DataType": "text/plain",
              "DownloadTime": 31,
              "EventId": 1204,
              "HttpStatus": 200,
              "Size": 8,
              "URL": "http://detectportal.firefox.com/success.txt?ipv4"
            },
            {
              "CompressionType": "",
              "DataType": "text/html",
              "DownloadTime": 47,
              "EventId": 1182,
              "HttpStatus": 200,
              "Size": 90,
              "URL": "http://detectportal.firefox.com/canonical.html"
            },
            {
              "CompressionType": "",
              "DataType": "text/plain",
              "DownloadTime": 31,
              "EventId": 1104,
              "HttpStatus": 200,
              "Size": 8,
              "URL": "http://detectportal.firefox.com/success.txt?ipv4"
            },
            {
              "CompressionType": "",
              "DataType": "text/html",
              "DownloadTime": 47,
              "EventId": 1086,
              "HttpStatus": 200,
              "Size": 90,
              "URL": "http://detectportal.firefox.com/canonical.html"
            },
            {
              "CompressionType": "",
              "DataType": "text/plain",
              "DownloadTime": 47,
              "EventId": 1039,
              "HttpStatus": 200,
              "Size": 8,
              "URL": "http://detectportal.firefox.com/success.txt?ipv4"
            },
            {
              "CompressionType": "",
              "DataType": "text/html",
              "DownloadTime": 62,
              "EventId": 1021,
              "HttpStatus": 200,
              "Size": 90,
              "URL": "http://detectportal.firefox.com/canonical.html"
            },
            {
              "CompressionType": "",
              "DataType": "text/plain",
              "DownloadTime": 32,
              "EventId": 996,
              "HttpStatus": 200,
              "Size": 8,
              "URL": "http://detectportal.firefox.com/success.txt?ipv4"
            },
            {
              "CompressionType": "",
              "DataType": "text/html",
              "DownloadTime": 31,
              "EventId": 978,
              "HttpStatus": 200,
              "Size": 90,
              "URL": "http://detectportal.firefox.com/canonical.html"
            },
            {
              "CompressionType": "",
              "DataType": "text/plain",
              "DownloadTime": 31,
              "EventId": 965,
              "HttpStatus": 200,
              "Size": 8,
              "URL": "http://detectportal.firefox.com/success.txt?ipv4"
            },
            {
              "CompressionType": "",
              "DataType": "text/html",
              "DownloadTime": 46,
              "EventId": 900,
              "HttpStatus": 200,
              "Size": 90,
              "URL": "http://detectportal.firefox.com/canonical.html"
            },
            {
              "CompressionType": "",
              "DataType": "text/html",
              "DownloadTime": 31,
              "EventId": 781,
              "HttpStatus": 200,
              "Size": 90,
              "URL": "http://detectportal.firefox.com/canonical.html"
            }
          ],
          "SSLCipher": "None",
          "SSLVersion": "None"
        }
      ],
      "IncludeInScript": true
    }
  ],
  "WebSocket": {
    "IncludeInScript": false,
    "IsScriptIncludeWebSocket": false
  },
  "NumberOfCorrelations": 2
}